<?xml version="1.0" encoding="UTF-8"?>
<project-private xmlns="http://www.netbeans.org/ns/project-private/1">
    <editor-bookmarks xmlns="http://www.netbeans.org/ns/editor-bookmarks/2" lastBookmarkId="0"/>
    <open-files xmlns="http://www.netbeans.org/ns/projectui-open-files/2">
        <group>
            <file>file:/C:/Users/ElesonRafaely/Documents/NetBeansProjects/Curso%20basico%20de%20violao/public_html/Partes_do_violão.html</file>
            <file>file:/C:/Users/ElesonRafaely/Documents/NetBeansProjects/Curso%20basico%20de%20violao/public_html/PosturaPopular.html</file>
            <file>file:/C:/Users/ElesonRafaely/Documents/NetBeansProjects/Curso%20basico%20de%20violao/public_html/Modulo_1.html</file>
            <file>file:/C:/Users/ElesonRafaely/Documents/NetBeansProjects/Curso%20basico%20de%20violao/public_html/index.html</file>
            <file>file:/C:/Users/ElesonRafaely/Documents/NetBeansProjects/Curso%20basico%20de%20violao/public_html/Cifras_e_Sinais.html</file>
        </group>
    </open-files>
</project-private>
